<?xml version="1.0" encoding="UTF-8"?><?xml-stylesheet type='text/xsl' href='_UpgradeReport_Files/UpgradeReport.xslt'?><UpgradeLog>
<Properties><Property Name="Solution" Value="closestgbeta">
</Property><Property Name="ソリューション ファイル" Value="C:\Documents and Settings\tuis\デスクトップ\0106\closestgbeta\closestgbeta.sln">
</Property><Property Name="Date" Value="2010年1月13日">
</Property><Property Name="Time" Value="12:57">
</Property></Properties><Event ErrorLevel="0" Project="closestgbeta" Source="closestgbeta.vcproj" Description="ローカルの IIS サーバーへの Web 配置はサポートされなくなりました。Web 配置ビルド ツールはプロジェクト設定から削除されました。">
</Event><Event ErrorLevel="1" Project="closestgbeta" Source="closestgbeta.vcproj" Description="このアプリケーションは、Windows Vista のユーザー アカウント制御 (UAC) 機能に関連する設定を含むように更新されました。既定で、UAC を有効にして Windows Vista 上でアプリケーションを実行すると、起動したプロセスと同じ特権で実行するようにマークされます。このマークによって、アプリケーションの仮想化による実行も無効になります。プロジェクトのプロパティ ページから UAC 関連の設定を変更できます。">
</Event><Event ErrorLevel="0" Project="closestgbeta" Source="closestgbeta.vcproj" Description="プロジェクトは正常にアップグレードされました。">
</Event><Event ErrorLevel="3" Project="closestgbeta" Source="closestgbeta.vcproj" Description="Converted">
</Event><Event ErrorLevel="0" Project="" Source="closestgbeta.sln" Description="ソリューションは正常に変換されました">
</Event><Event ErrorLevel="3" Project="" Source="closestgbeta.sln" Description="Converted">
</Event></UpgradeLog>