<?xml version="1.0" encoding="UTF-8"?><?xml-stylesheet type='text/xsl' href='_UpgradeReport_Files/UpgradeReport.xslt'?><UpgradeLog>
<Properties><Property Name="Solution" Value="closestgbeta">
</Property><Property Name="ソリューション ファイル" Value="C:\Documents and Settings\ごみー\My Documents\Visual Studio 2005\バックアップCDに焼くもの\0113\closestgbeta\closestgbeta.sln">
</Property><Property Name="ユーザー オプション ファイル" Value="C:\Documents and Settings\ごみー\My Documents\Visual Studio 2005\バックアップCDに焼くもの\0113\closestgbeta\closestgbeta.suo">
</Property><Property Name="Date" Value="2011年6月1日">
</Property><Property Name="Time" Value="8:54">
</Property><Property Name="ログ番号" Value="2">
</Property></Properties><Event ErrorLevel="0" Project="" Source="closestgbeta.sln" Description="ファイルは正常に C:\Documents and Settings\ごみー\My Documents\Visual Studio 2005\バックアップCDに焼くもの\0113\closestgbeta\closestgbeta.sln.old としてバックアップされました。">
</Event><Event ErrorLevel="0" Project="" Source="closestgbeta.suo" Description="ファイルは正常に C:\Documents and Settings\ごみー\My Documents\Visual Studio 2005\バックアップCDに焼くもの\0113\closestgbeta\closestgbeta.suo.old としてバックアップされました。">
</Event><Event ErrorLevel="0" Project="closestgbeta" Source="closestgbeta.vcproj" Description="ローカルの IIS サーバーへの Web 配置はサポートされなくなりました。Web 配置ビルド ツールはプロジェクト設定から削除されました。">
</Event><Event ErrorLevel="1" Project="closestgbeta" Source="closestgbeta.vcproj" Description="このアプリケーションは、Windows Vista のユーザー アカウント制御 (UAC) 機能に関連する設定を含むように更新されました。既定で、UAC を有効にして Windows Vista 上でアプリケーションを実行すると、起動したプロセスと同じ特権で実行するようにマークされます。このマークによって、アプリケーションの仮想化による実行も無効になります。プロジェクトのプロパティ ページから UAC 関連の設定を変更できます。">
</Event><Event ErrorLevel="0" Project="closestgbeta" Source="closestgbeta.vcproj" Description="プロジェクト ファイルは正常に 'C:\Documents and Settings\ごみー\My Documents\Visual Studio 2005\バックアップCDに焼くもの\0113\closestgbeta\closestgbeta.vcproj.8.00.old' としてバックアップされました。">
</Event><Event ErrorLevel="0" Project="closestgbeta" Source="closestgbeta.vcproj" Description="プロジェクトは正常にアップグレードされました。">
</Event><Event ErrorLevel="3" Project="closestgbeta" Source="closestgbeta.vcproj" Description="Converted">
</Event><Event ErrorLevel="0" Project="" Source="closestgbeta.sln" Description="ソリューションは正常に変換されました">
</Event><Event ErrorLevel="3" Project="" Source="closestgbeta.sln" Description="Converted">
</Event></UpgradeLog>